Région,Nature,Type,Texte annonce,Prix,Modifiée
Hammamet,Vente,Maisons,Villa a hammamet sud,15000000.0,2024-04-12
Cite Ennasr 2,Vente,Maisons,Villa avec piscine a,13000000.0,2024-04-12
Jardins de Cart,Vente,App. 3 pièc,Un appartement s3 vide m,890000.0,2024-04-12
El Mourouj,Vente,App. 3 pièc,Appartement nawres,107000.0,2024-04-12
El Mourouj,Vente,App. 4 pièc,Appartement mourouj 3 2 étage,170000.0,2024-04-12
El Mourouj,Vente,App. 4 pièc,Appartement mourouj 3 2 étage,170000.0,2024-04-12
Borj Touil,Vente,Maisons,Maisons borj touil,550000.0,2024-04-12
Kalaa Essghira,Vente,Surfaces,Lot de coin auto route kalaa,558450.0,2024-04-12
Kalaa Essghira,Vente,Maisons,Maison a centre ville kalaa s,75000.0,2024-04-12
Gammart,Vente,Maisons,Maison cité rabii s2,180000.0,2024-04-12
Jendouba,Vente,Maisons,Cite el fayez jendouba,650000.0,2024-04-12
El Mourouj,Vente,App. 3 pièc,Appartement saif,140000.0,2024-04-12
La Soukra,Vente,App. 3 pièc,Un appartement s2 neuf à,405000.0,2024-04-12
Chatt Meriem,Vente,App. 3 pièc,S2 dans une residenc,245000.0,2024-04-12
Cite Ennour Jaa,Vente,App. 4 pièc,Appartement s3 à nour ja,150000.0,2024-04-12
La Soukra,Vente,Maisons,Maison sur deux nive,440000.0,2024-04-12
La Soukra,Vente,App. 3 pièc,S2 à la soukra,395000.0,2024-04-12
Jardins de Cart,Vente,App. 2 pièc,S1 avec jardin aux j,410000.0,2024-04-12
Kelibia,Vente,Surfaces,Terrain 2835 m2 sur la r,1150000.0,2024-04-12
El Menzah 7,Vente,App. 3 pièc,S2 menzah 7 245 md,245000.0,2024-04-12
Kelibia,Vente,Surfaces,Terrain 335 m2 à el mars,142000.0,2024-04-12
El Kantaoui,Vente,Maisons,Maison à la rentre dakou,8200000.0,2024-04-12
Kelibia,Vente,Surfaces,Terrain 331 m2 à sidi ma,115000.0,2024-04-12
El Mourouj,Vente,Maisons,Villa mourouj 6,750000.0,2024-04-12
Naassen,Vente,Surfaces,Ferme à naasseen,920000.0,2024-04-12
Mornag,Vente,Autre,Terrain faicel,190000.0,2024-04-12
La Soukra,Vente,App. 4 pièc,Appartement s3 de 155 m,365000.0,2024-04-12
La Soukra,Vente,Maisons,Villa jumelée  avec pisc,1350000.0,2024-04-12
Hammamet,Vente,App. 4 pièc,Appartement hela à yasmi,460000.0,2024-04-12
Hammamet,Vente,App. 3 pièc,Appartement philipe à ha,360000.0,2024-04-12
El Menzah 9,Vente,App. 4 pièc,S3 direct promoteur de h,580000.0,2024-04-12
El Menzah 9,Vente,Maisons,Villa jumlee à menzah 9,730000.0,2024-04-12
Chatt Meriem,Vente,App. 3 pièc,S2 avec une vue mer,550000.0,2024-04-12
El Aouina,Vente,App. 1 pièc,Joli appartement s1,183000.0,2024-04-12
El Aouina,Vente,App. 1 pièc,S1 neuf direct promoteur,169000.0,2024-04-12
Jardins de Cart,Vente,App. 2 pièc,S2 luxe au jardin de car,480000.0,2024-04-12
El Aouina,Vente,App. 2 pièc,S2 neuf direct promoteur,327000.0,2024-04-12
El Aouina,Vente,App. 3 pièc,Apprt s2 avec parkin,325000.0,2024-04-12
Jabbes,Vente,Maisons,Maison avec terrain,625000.0,2024-04-12
Ezzahra,Vente,Maisons,Villa avec piscine à ezz,480000.0,2024-04-12
El Manar 2,Vente,App. 4 pièc,S3 420 md manar 2,420000.0,2024-04-12
Borj Louzir,Vente,Maisons,Deux villa jumele de 642,1400000.0,2024-04-12
La Soukra,Vente,App. 3 pièc,Apprt s2 encours de,460000.0,2024-04-12
Chatt Meriem,Vente,App. 3 pièc,S1 pied dans l'eau a,220000.0,2024-04-12
El Menzah 9,Vente,Maisons,Villa  de 644 m a menzah,1680000.0,2024-04-12
Chatt Meriem,Vente,App. 4 pièc,S3 avec un prix inte,175000.0,2024-04-12
Borj Louzir,Vente,App. 2 pièc,Appartement s2 de 75m2,145000.0,2024-04-12
Cite Hotel Des,Vente,Maisons,Villa  en cours de constructi,360000.0,2024-04-12
El Menzah 5,Vente,Maisons,Ville  de 467m2 menzah 5,1600000.0,2024-04-12
La Soukra,Vente,App. 2 pièc,Apprt encours de con,225000.0,2024-04-12
Borj Cedria,Vente,App. 5 pièc,Appatrtement  5 pieces,230000.0,2024-04-12
La Soukra,Vente,App. 2 pièc,Apprt s1 au rdc  à s,180000.0,2024-04-12
Cite Ennasr 1,Vente,Duplex,Duplex a 570 md à ennasr,560000.0,2024-04-12
El Manar 1,Vente,App. 3 pièc,Manar 1 s3 de 90m2 proch,234000.0,2024-04-12
Bou Argoub,Vente,Maisons,Dar kamel bou argoub,300000.0,2024-04-12
Monfleury,Vente,Maisons,Appartement jihen montfl,200000.0,2024-04-12
El Mourouj,Vente,App. 3 pièc,Appartement rdc mourouj,120000.0,2024-04-12
Ain Zaghouan,Vente,App. 5 pièc,Appt s4 de 202m2 ain zag,620000.0,2024-04-12
La Soukra,Vente,App. 2 pièc,S plus 1 rue de parc tel,340000.0,2024-04-12
Chatt Meriem,Vente,App. 3 pièc,Offre appartement s2 pro,320000.0,2024-04-12
El Menzah 9,Vente,App. 3 pièc,S2 direct promoteur a me,470000.0,2024-04-12
El Menzah 9,Vente,App. 4 pièc,S3 menzah 9 638 md,638000.0,2024-04-12
El Menzah 9,Vente,App. 3 pièc,S2 380 md menzah 9c,380000.0,2024-04-12
La Soukra,Vente,Duplex,Duplex avec piscine à la,950000.0,2024-04-12
Zone Hoteliere,Vente,App. 4 pièc,Appartement  louana,650000.0,2024-04-12
El Aouina,Vente,App. 3 pièc,Appartement s 2  à   chot,460000.0,2024-04-12
Sfax,Vente,App. 3 pièc,Appart 60m2 avenue de algerie,60000.0,2024-04-12
El Mourouj,Vente,App. 3 pièc,Appartement s2 spacieux,150000.0,2024-04-12
El Aouina,Vente,App. 2 pièc,Apprt s1 à citee wahat,260000.0,2024-04-12
El Mourouj,Vente,App. 3 pièc,Offre appartement s2 à e,95000.0,2024-04-12
Borj Cedria,Vente,Surfaces,Terrain a borj cedria,275000.0,2024-04-12
Hammamet,Vente,Maisons,Villa nv à monchar v2582,1250000.0,2024-04-12
La Mannouba,Vente,Duplex,Duplex cité banka,900000.0,2024-04-12
Denden,Vente,App. 2 pièc,Appt s plus un dans rési,120000.0,2024-04-12
Chatt Meriem,Vente,App. 4 pièc,Villa  a chott marie,540000.0,2024-04-12
Hammamet,Vente,Maisons,Villa dream v122 zone su,1050000.0,2024-04-12
Cite Ennasr 1,Vente,App. 4 pièc,S3 a ennasr 1 avec jardi,500000.0,2024-04-12
Marsa Safsaf,Vente,App. 3 pièc,Réf 89v bel appartement s 2 r,1500000.0,2024-04-12
El Menzah 7,Vente,App. 3 pièc,S2 212 md menzah 7,212000.0,2024-04-12
Cherifate,Vente,Maisons,Villa slimen,11000000.0,2024-04-12
Salambo,Vente,App. 4 pièc,Réf 76v appartement s2 retapé,380000.0,2024-04-12
Cite Ennasr 2,Vente,Maisons,Villa a usage commercial,3000000.0,2024-04-12
Kalaa Essghira,Vente,Maisons,Maison sur terrain kalaa sghi,150000.0,2024-04-12
Ariana,Vente,Maisons,Réf 77v villa de 3 niveaux au,750000.0,2024-04-12
Ain Zaghouan,Vente,App. 3 pièc,Appartement s plus 2,710000.0,2024-04-12
Jardins d'el Me,Vente,App. 4 pièc,Un magnifique s3 à jardi,420000.0,2024-04-12
Gammart,Vente,Maisons,Immeuble hamna à gam,550000.0,2024-04-12
Ain Zaghouan,Vente,App. 1 pièc,Du proprietaire directem,160000.0,2024-04-12
Naassen,Vente,Maisons,Maison naassen,240000.0,2024-04-12
El Aouina,Vente,App. 3 pièc,Apprt s2 à  cité el   wah,263610.0,2024-04-12
Hammam Sousse,Vente,App. 3 pièc,Appartement haut standing a n,180000.0,2024-04-12
Sfax El Jadida,Vente,App. 3 pièc,Appart s2 a nassriya,185000.0,2024-04-12
Hammam Sousse,Vente,App. 3 pièc,Coquette appartement meu,240000.0,2024-04-12
El Aouina,Vente,App. 1 pièc,Appartement s0 a laouina dire,130000.0,2024-04-12
Sahloul,Vente,App. 3 pièc,Des appartements s2 et s,220000.0,2024-04-12
El Aouina,Vente,Autre,Fond de commerce franchi,390000.0,2024-04-12
Cite Ennasr 1,Vente,App. 5 pièc,S4 360 md a ennasr 1,360000.0,2024-04-12
Mornaguia,Vente,Maisons,Villa à mornaguia,650000.0,2024-04-12
Cite Ennasr 2,Vente,App. 4 pièc,S3 à ennasr 2,250000.0,2024-04-12
Ennagr,Vente,Maisons,Maison kalaa sghira enna,350000.0,2024-04-12
El Aouina,Vente,App. 1 pièc,S1 direct promoteur a la nouv,1850000.0,2024-04-12
Hammam Sousse,Vente,Maisons,Maison avec étage,230000.0,2024-04-12
Sidi Bou Ali,Vente,Maisons,Maison a salmoun,75000.0,2024-04-12
Hammam Sousse,Vente,Maisons,Maison pour famille,160000.0,2024-04-12
El Aouina,Vente,App. 1 pièc,Un appartement s1 direct prom,167000.0,2024-04-12
El Aouina,Vente,App. 2 pièc,Des appartement s2 s3 direct,305000.0,2024-04-12
Ain Zaghouan,Vente,App. 5 pièc,S plus 4 ain zaghouen no,620000.0,2024-04-12
La Soukra,Vente,App. 5 pièc,Maison la soukra tel 582,450000.0,2024-04-12
Cite Bhar Lazre,Vente,Duplex,Duplex à bhar lazreg,350000.0,2024-04-12
Marsa Safsaf,Vente,Maisons,Une villa a démolir à ma,2800000.0,2024-04-12
Marsa Safsaf,Vente,Maisons,Une villa à la marsa,2400000.0,2024-04-12
El Aouina,Vente,Surfaces,Local commercial a les j,600000.0,2024-04-12
Ben Arous,Vente,App. 2 pièc,S2 près showroom mazda,180000.0,2024-04-12
Zaouiet Sousse,Vente,App. 3 pièc,Maison r plus 2 cité,390000.0,2024-04-12
Hammam Sousse,Vente,App. 4 pièc,Standing s 3 à la ru,345000.0,2024-04-12
Bab Bhar,Vente,Autre,Fond et mur,250000.0,2024-04-12
Hammamet,Vente,Maisons,Villa  jimbaran,950000.0,2024-04-12
Berge Du Lac,Vente,App. 3 pièc,Appartement  emeraude  s,100000.0,2024-04-12
Cite Ennasr 2,Vente,App. 3 pièc,Appartement  maria  s3,400000.0,2024-04-12
Gammart,Vente,Maisons,Villa à la marsa,2600000.0,2024-04-12
Cite Jardins,Vente,App. 5 pièc,Appartement s plus 4,385000.0,2024-04-12
Hammamet,Vente,Maisons,Dar lotus hammamet c,1200000.0,2024-04-12
Ain Zaghouan,Vente,App. 2 pièc,Appartement deux pièces a,240000.0,2024-04-12
Hammamet,Vente,Maisons,Villa hannibal hamma,890000.0,2024-04-12
Hammamet,Vente,Maisons,Villa rania hammamet,1500000.0,2024-04-12
El Kantaoui,Vente,Maisons,Villa à rénover à ka,2200000.0,2024-04-12
El Menzah 6,Vente,App. 3 pièc,Duplex a la menzah 6,550000.0,2024-04-12
Chatt Meriem,Vente,Maisons,Maisonnette inachevé,290000.0,2024-04-12
Bab Bhar,Vente,App. 5 pièc,Une bonne occasion a,240000.0,2024-04-12
Hammamet,Vente,Maisons,Av villa s5 avec piscine,65000.0,2024-04-12
Jabbes,Vente,Autre,Terrain bien situe,115000.0,2024-04-12
Ariana,Vente,App. 1 pièc,Terain a arriana,561000.0,2024-04-12
Zone urbaine no,Vente,App. 3 pièc,Appartement moderne  sup,590000.0,2024-04-12
Ain Zaghouan,Vente,Autre,Réf 71v aux ain zaghouan sud,500000.0,2024-04-12
Kheireddine,Vente,Maisons,Réf 69v une maison sur 2 nive,1500000.0,2024-04-12
Le Bardo,Vente,Maisons,Réf 93v résidence appart hôte,4500000.0,2024-04-12
La Goulette Por,Vente,App. 4 pièc,Appartement s3 avec une,680000.0,2024-04-12
Carthage,Vente,App. 5 pièc,Magnifique villa à carth,8500000.0,2024-04-12
Gammart,Vente,App. 3 pièc,Appartement de type s3,500000.0,2024-04-12
El Menzah 9,Vente,Maisons,Villa jumlee a menzah 9c,1200000.0,2024-04-12
Cite Ennasr 2,Vente,App. 5 pièc,S4 spacieux et lumineux,700000.0,2024-04-12
Cite Bhar Lazre,Vente,App. 2 pièc,Appartement s1 à bha,90000.0,2024-04-12
El Aouina,Vente,App. 3 pièc,Apprt splus  23 à ai,287000.0,2024-04-12
Cite Ennour Jaa,Vente,App. 3 pièc,S2 rdc nour jaafer,127000.0,2024-04-12
Cite El Moez,Vente,Maisons,Villa bratislava à c,1810000.0,2024-04-12
Zaghouan,Vente,Surfaces,Aire de repos zitoun,370000.0,2024-04-12
El Mourouj,Vente,App. 3 pièc,Appartement mourouj 6 s2,230000.0,2024-04-12
El Mourouj,Vente,Duplex,Duplex cité riadh,170000.0,2024-04-12
Le Bardo,Vente,Maisons,Maison henda bardo,750000.0,2024-04-12
Kelibia,Vente,App. 2 pièc,Villa el mansourah kelib,285000.0,2024-04-12
Dar Allouche,Vente,Maisons,Charmante villa avec pis,550000.0,2024-04-12
Kelibia,Vente,App. 2 pièc,Agréable et luxueux appa,175000.0,2024-04-12
Hammamet,Vente,Maisons,Villa milos 2,860000.0,2024-04-12
Akouda,Vente,App. 5 pièc,Petit immeuble r plu,1550000.0,2024-04-12
El Aouina,Vente,App. 3 pièc,Apprt s2 à  ain zagh,240000.0,2024-04-12
Bab Menara,Vente,App. 2 pièc,Un appartement a beb mna,120000.0,2024-04-12
Bab Menara,Vente,Autre,Fond de commerce d'un re,75000.0,2024-04-12
El Aouina,Vente,App. 3 pièc,Apprt s3 à  l'aouina,320000.0,2024-04-12
Hammam Lif,Vente,Maisons,Villa centre de hammam l,999000.0,2024-04-12
Cite Bhar Lazre,Vente,App. 2 pièc,Appartement s2 à bha,100000.0,2024-04-12
La Soukra,Vente,Maisons,Villa haut standing à la souk,1450000.0,2024-04-12
Hammamet,Vente,App. 2 pièc,Immeuble e 4 étages pas,280000.0,2024-04-12
La Soukra,Vente,App. 2 pièc,Appartement s1   à l,165000.0,2024-04-12
Sidi Salah,Vente,App. 1 pièc,Apprt s0 à chotrana 1   s,120000.0,2024-04-12
Hammamet,Vente,Maisons,V468 villa sandra 1 crax,990000.0,2024-04-12
Arkou,Vente,Maisons,Maison djerbienne av,1350000.0,2024-04-12
Cite Ennasr 2,Vente,App. 4 pièc,S3 haut standing a ennas,410000.0,2024-04-12
Cite El Ghazala,Vente,App. 4 pièc,S3 335 md ghazela,335000.0,2024-04-12
Hammamet,Vente,Duplex,Av duplexs4 avec piscine,250000.0,2024-04-12
Hammamet,Vente,Maisons,Av villa de charme s4 av,980000.0,2024-04-12
Cite Sahloul,Vente,App. 3 pièc,Appartement s2 bien,260000.0,2024-04-12
Ben Arous,Vente,Maisons,Villa  à cité taamir,420000.0,2024-04-12
El Mourouj,Vente,App. 4 pièc,App mourouj 1,180000.0,2024-04-12
Hammamet,Vente,Maisons,V472 villa rimel sud ham,890000.0,2024-04-12
Cite Ennkhilet,Vente,Maisons,appartement s3   cit r,295000.0,2024-04-12
El Aouina,Vente,App. 2 pièc,Appartement  s1 enco,178000.0,2024-04-12
Bou Mhel,Vente,App. 1 pièc,Appartement s1 à boumhel bass,155000.0,2024-04-12
El Mourouj,Vente,Duplex,Villa mourouj 01,500000.0,2024-04-12
Chouchet Rades,Vente,App. 3 pièc,Appartement chouchet rad,300000.0,2024-04-12
Dar Chaabane Pl,Vente,Maisons,Villa lido,680000.0,2024-04-12
Cite Ain Meriem,Vente,Maisons,Une villa ain mariem,320000.0,2024-04-12
Zaghouan,Vente,Maisons,Villa   tangalle,580000.0,2024-04-12
Bizerte,Vente,App. 1 pièc,Terrain terrain,370000.0,2024-04-12
Hammamet,Vente,Maisons,Villa romance,980000.0,2024-04-12
Sidi Jedidi,Vente,Maisons,Villa domino,790000.0,2024-04-12
Gammart,Vente,App. 3 pièc,Villa s3 à gammarth zvv0,1100000.0,2024-04-12
El Mourouj,Vente,Duplex,Duplex mourouj 1,570000.0,2024-04-12
Hammamet,Vente,Maisons,Villa haut standing,750000.0,2024-04-12
Midoun,Vente,Maisons,Un bien exceptionnel,1100000.0,2024-04-12
La Soukra,Vente,Maisons,Immeuble malaisie à,850000.0,2024-04-12
El Mourouj,Vente,Maisons,Maison dalila,260000.0,2024-04-12
El Aouina,Vente,App. 3 pièc,Appartement s2 avec place,270000.0,2024-04-12
El Manar 1,Vente,App. 4 pièc,S plus 3 a el manar,245000.0,2024-04-12
El Manar 2,Vente,Maisons,Magnifique villa au calm,2500000.0,2024-04-12
Mutuelle Ville,Vente,Maisons,Villa à rénover au mutue,2000000.0,2024-04-12
El Menzah 5,Vente,Maisons,Villa de charme au menza,1400000.0,2024-04-12
Beni Khiar,Vente,Maisons,V473 villa rahil beni kh,630000.0,2024-04-12
El Menzah 6,Vente,Maisons,Villa de charme au menza,2500000.0,2024-04-12
Borj Touil,Vente,Maisons,Maisons borj touil,330000.0,2024-04-12
Borj Touil,Vente,Maisons,Maisons borj touil,350000.0,2024-04-12
Cite Ennasr 1,Vente,App. 4 pièc,S3 465 md ennasr 1,465000.0,2024-04-12
Jardins d'el Me,Vente,App. 2 pièc,S1 180 md aux jardins de,180000.0,2024-04-12
Cite Ennasr 2,Vente,App. 4 pièc,S3 avec jardin à ennasr,475000.0,2024-04-12
Kelibia,Vente,Maisons,Merveilleuse villa,380000.0,2024-04-12
El Menzah 6,Vente,Duplex,Triplex s4 rénove au men,600000.0,2024-04-12
Kelibia,Vente,App. 2 pièc,Maison arabesque a kelib,225000.0,2024-04-12
Zone urbaine no,Vente,App. 2 pièc,Appt moderne s2 sup 110,390000.0,2024-04-12
Kerkouane,Vente,Maisons,Villa aplage kerkouane,150000.0,2024-04-12
La Soukra,Vente,Maisons,Villa la soukra sidi fre,990000.0,2024-04-12
Ain Zaghouan,Vente,App. 4 pièc,Appartement s4 à ain zag,700000.0,2024-04-12
Ben Arous,Vente,App. 2 pièc,Appart s2  ben arous,170000.0,2024-04-12
Cite Ennasr 1,Vente,App. 3 pièc,Appartement s2 à cité en,320000.0,2024-04-12
El Menzah 5,Vente,Maisons,Villa a usage commercial,1350000.0,2024-04-12
El Mourouj,Vente,Maisons,Villa à el mourouj 2,400000.0,2024-04-12
Denden,Vente,Autre,Local commercial sur rou,3300000.0,2024-04-12
Denden,Vente,Autre,Local commercial à dende,3080000.0,2024-04-12
Hammamet,Vente,Maisons,V477 villa le palais nor,1250000.0,2024-04-12
El Aouina,Vente,App. 2 pièc,Appartement s2 à cit,248400.0,2024-04-12
La Soukra,Vente,Maisons,Villa style triplex la s,1280000.0,2024-04-12
La Soukra,Vente,Maisons,Villa neuve style duplex,970000.0,2024-04-12
La Soukra,Vente,App. 4 pièc,Etage solène à la so,450000.0,2024-04-12
Cite De La Plag,Vente,Maisons,Villa r plus 2 cité,1170000.0,2024-04-12
Hammamet,Vente,Maisons,Villa  apollo,1050000.0,2024-04-12
Hammamet,Vente,Maisons,Villa   salvador,990000.0,2024-04-12
Hammamet,Vente,Maisons,Villa lella baya,1380000.0,2024-04-12
Le Bardo,Vente,Maisons,Maison à bardo,350000.0,2024-04-12
Hammamet,Vente,Maisons,V479 villa hanin 2 sud v,850000.0,2024-04-12
Hammamet,Vente,Maisons,Dar la palmeraie,1550000.0,2024-04-12
Rades,Vente,Maisons,Maison rades,200000.0,2024-04-12
El Aouina,Vente,App. 4 pièc,Apprt au rdc  à cité,445000.0,2024-04-12
Cite Bhar Lazre,Vente,App. 2 pièc,Appartement splus 2 à bha,350000.0,2024-04-12
Jardins de Cart,Vente,App. 2 pièc,Jardin de carthage appar,506620.0,2024-04-12
Berge Du Lac,Vente,Duplex,Un duplex avec jardin da,1850000.0,2024-04-12
El Aouina,Vente,App. 3 pièc,S plus 2 neuf à l'aouina,285000.0,2024-04-12
El Aouina,Vente,App. 3 pièc,S3 imran à l'aouina,290000.0,2024-04-12
Cite El Mahrsi,Vente,Maisons,V482 villa royale sidi m,2300000.0,2024-04-12
El Mourouj,Vente,App. 3 pièc,App haut standing,180000.0,2024-04-12
Jardins de Cart,Vente,App. 3 pièc,Ve1553 villa aux jardins de c,1500000.0,2024-04-12
Mnihla,Vente,Autre,Terrain idéal sur la rou,2739000.0,2024-04-12
La Soukra,Vente,App. 2 pièc,Appartement s1au rdc,180000.0,2024-04-12
Cite El Ghazala,Vente,App. 3 pièc,Des s2 direct promoteur,420000.0,2024-04-12
El Aouina,Vente,App. 4 pièc,Réf 30v appartement s3 vide,360000.0,2024-04-12
Le Bardo,Vente,Maisons,Réf 78v une ancienne maison a,560000.0,2024-04-12
Cite Ibn Khaldo,Vente,Maisons,Duplex indépendant d'ang,430000.0,2024-04-12
El Aouina,Vente,Maisons,Grande villa sur rue pri,3700000.0,2024-04-12
El Aouina,Vente,App. 4 pièc,Appartement s3 au rd,270000.0,2024-04-12
Le Kef,Vente,Maisons,Villa haleema à teje,200000.0,2024-04-12
El Mourouj,Vente,Duplex,Duplex retapé a neuf,310000.0,2024-04-12
Raoued,Vente,Autre,Réf 82v immeuble r3 avec dupl,1500000.0,2024-04-12
Carthage,Vente,Maisons,Une villa à quelques mèt,3100000.0,2024-04-12
El Aouina,Vente,App. 2 pièc,Appartement s2 à   wahat,263610.0,2024-04-12
Gammart,Vente,Maisons,Villa à gammarth,2200000.0,2024-04-12
Denden,Vente,App. 2 pièc,Appartement salon plus deux p,180000.0,2024-04-12
Khelidia,Vente,Surfaces,Local khelidia,55000.0,2024-04-12
Denden,Vente,App. 3 pièc,Haut standing,180000.0,2024-04-12
Cite Ennkhilet,Vente,App. 3 pièc,S2 enkhilete 210 md,210000.0,2024-04-12
El Menzah 9,Vente,Maisons,Villa 1090 md a menzah 9,1090000.0,2024-04-12
El Hessiene,Vente,Maisons,Villa haut standing,1150000.0,2024-04-12
Cite Jardins,Vente,Autre,Bureau h plus 3 à al,379000.0,2024-04-12
El Menzah 5,Vente,Duplex,Triplex rénové luxe,650000.0,2024-04-12
Chotrana 1,Vente,App. 2 pièc,Apprt s1à chotrana 1,165000.0,2024-04-12
Hammamet,Vente,Maisons,V486 villa hanin 22 el b,850000.0,2024-04-12
Hammamet,Vente,App. 1 pièc,Appartement pied dan,670000.0,2024-04-12
Ghar El Melh,Vente,App. 2 pièc,4 appartments,150000.0,2024-04-12
El Aouina,Vente,App. 3 pièc,Appt s plus 2 à el aouin,220000.0,2024-04-12
Hammam Lif,Vente,Maisons,Petit immeuble hammam li,360000.0,2024-04-12
El Aouina,Vente,App. 4 pièc,S plus 4 a cite al wahat,365000.0,2024-04-12
Hammamet,Vente,Maisons,V489 villa tej 2 sidi ha,780000.0,2024-04-12
Cite Bhar Lazre,Vente,App. 2 pièc,Appartement s2  avec,120000.0,2024-04-12
La Soukra,Vente,Maisons,Villa neuve la soukra st,1480000.0,2024-04-12
Ariana,Vente,App. 2 pièc,Appartement s1 neuf,202000.0,2024-04-12
Bou Mhel,Vente,Maisons,Maisons s2 boumhal bassa,248000.0,2024-04-12
La Soukra,Vente,Maisons,Villa style triplex la s,1400000.0,2024-04-12
Riadh Landlous,Vente,Maisons,Villa de maitre à riadh,1650000.0,2024-04-12
El Aouina,Vente,App. 3 pièc,Appartement splus 2 à  la,210000.0,2024-04-12
El Mourouj,Vente,Autre,Villa trois niveaux bil,500000.0,2024-04-12
Cite El Khalil,Vente,Maisons,Maison usage commercial,540000.0,2024-04-12
Nouvelle Medina,Vente,App. 2 pièc,Av s2 médina jadida,108000.0,2024-04-12
El Aouina,Vente,App. 3 pièc,Appt s s plus 2 à réside,285000.0,2024-04-12
Cite Bhar Lazre,Vente,App. 3 pièc,Apprt encours de construc,340000.0,2024-04-12
Ariana,Vente,Surfaces,Murs local a ariana,90000.0,2024-04-12
Ezzahra,Vente,App. 3 pièc,Appartement s3 hst ezzah,330000.0,2024-04-12
El Mourouj,Vente,App. 2 pièc,Bel appartement mrj 5,90000.0,2024-04-12
Mutuelle Ville,Vente,Maisons,Villa sur artère princip,1950000.0,2024-04-12
Nouvelle Medina,Vente,Maisons,Charmante villa de p,720000.0,2024-04-12
El Menzah 5,Vente,Maisons,Villa spacieuse sur,1500000.0,2024-04-12
El Menzah 5,Vente,Duplex,Spacieux duplex à ré,450000.0,2024-04-12
El Mourouj 2,Vente,App. 4 pièc,Appartement mourouj 2,110000.0,2024-04-12
La Soukra,Vente,Duplex,Duplex s3 avec pisci,950000.0,2024-04-12
Cite Du Stade,Vente,Autre,Réf 80v terrain clôturé aux l,950000.0,2024-04-12
Ezzahra,Vente,Maisons,Villa mongi slim,345000.0,2024-04-12
Nouvelle Medina,Vente,App. 1 pièc,Av s1 à médina jadida,80000.0,2024-04-12
El Aouina,Vente,App. 2 pièc,Réf 92v agréable appartement,192000.0,2024-04-12
Hammamet,Vente,Duplex,Réf 74v une magnifique duplex,650000.0,2024-04-12
Cite El Ghazala,Vente,App. 3 pièc,S2 ghazela 275 md,275000.0,2024-04-12
Borj Cedria,Vente,Autre,Une villa  sur deux étag,620000.0,2024-04-12
Cite Gharnata,Vente,Maisons,Villa de coin au bord de,350000.0,2024-04-12
El Manar 2,Vente,Maisons,Villa 2s7 à el manar 3,1800000.0,2024-04-12
Borj Cedria,Vente,Surfaces,A   terrain pour habitation,400000.0,2024-04-12
Ain Zaghouan,Vente,App. 3 pièc,Appartement s2 à ain,486000.0,2024-04-12
La Soukra,Vente,App. 4 pièc,Un appartement s3 à la s,327000.0,2024-04-12
El Manar 1,Vente,Maisons,Une merveilleuse villa d,750000.0,2024-04-12
Cite Ennasr 1,Vente,App. 2 pièc,S1 de haut standing a en,180000.0,2024-04-12
Le Bardo,Vente,Maisons,Villa jumlee 730 md  le,730000.0,2024-04-12
Bizerte,Vente,App. 2 pièc,Appartement bizerte cent,260000.0,2024-04-12
Soliman,Vente,Maisons,Villa de haute standing,140000.0,2024-04-12
Hammamet,Vente,Autre,Complexe donia v904 hamm,15500000.0,2024-04-12
Nouvelle Medina,Vente,App. 2 pièc,Appartement s2 près show,180000.0,2024-04-12
Cite Ain Mariem,Vente,App. 2 pièc,Appartement ain mariem b,270000.0,2024-04-12
Rades,Vente,App. 2 pièc,Appartement s2 hst à rad,280000.0,2024-04-12
El Aouina,Vente,App. 2 pièc,Bon investissement s plu,185000.0,2024-04-12
