Région,Nature,Type,Texte annonce,Prix,Modifiée,Prix_Catégorie,Somme_Prix,Moyenne_Prix,Type_general,Nombre_de_chambres,Nombre_de_salle_de_bain,surface
La Soukra,Vente,App. 2 pièc,Apprt encours de con,225000.0,2024-04-12,Bas,16052000.0,697913.0434782609,Appartement,2.0,2.0,150
Chatt Meriem,Vente,App. 3 pièc,S2 dans une residenc,245000.0,2024-04-12,Moyen-Bas,2340000.0,334285.71428571426,Appartement,3.0,2.0,150
Cite Ennour Jaa,Vente,App. 4 pièc,Appartement s3 à nour ja,150000.0,2024-04-12,Bas,277000.0,138500.0,Appartement,4.0,3.0,150
Cite Ennasr 2,Vente,App. 5 pièc,S4 spacieux et lumineux,700000.0,2024-04-12,Moyen-Haut,18235000.0,2605000.0,Appartement,5.0,3.0,300
Cite Ennasr 1,Vente,App. 3 pièc,Appartement s2 à cité en,320000.0,2024-04-12,Moyen-Bas,2385000.0,397500.0,Appartement,3.0,2.0,150
Arkou,Vente,Maisons,Maison djerbienne av,1350000.0,2024-04-12,Haut,1350000.0,1350000.0,Villa,5.0,4.0,300
El Aouina,Vente,App. 4 pièc,Apprt au rdc  à cité,445000.0,2024-04-12,Moyen-Haut,14043620.0,438863.125,Appartement,4.0,3.0,150
Marsa Safsaf,Vente,Maisons,Une villa à la marsa,2400000.0,2024-04-12,Haut,6700000.0,2233333.3333333335,Villa,5.0,4.0,300
Chatt Meriem,Vente,App. 3 pièc,S1 pied dans l'eau a,220000.0,2024-04-12,Bas,2340000.0,334285.71428571426,Appartement,3.0,2.0,150
Denden,Vente,App. 2 pièc,Appt s plus un dans rési,120000.0,2024-04-12,Bas,6860000.0,1372000.0,Appartement,2.0,2.0,150
Hammamet,Vente,Maisons,V472 villa rimel sud ham,890000.0,2024-04-12,Haut,54225000.0,1869827.5862068965,Villa,5.0,4.0,300
Hammamet,Vente,App. 1 pièc,Appartement pied dan,670000.0,2024-04-12,Moyen-Haut,54225000.0,1869827.5862068965,Appartement,1.0,1.0,300
Zone urbaine no,Vente,App. 2 pièc,Appt moderne s2 sup 110,390000.0,2024-04-12,Moyen-Bas,980000.0,490000.0,Appartement,2.0,2.0,150
Kelibia,Vente,App. 2 pièc,Maison arabesque a kelib,225000.0,2024-04-12,Bas,2472000.0,353142.85714285716,Appartement,2.0,2.0,150
Bizerte,Vente,App. 2 pièc,Appartement bizerte cent,260000.0,2024-04-12,Moyen-Bas,630000.0,315000.0,Appartement,2.0,2.0,150
El Mourouj,Vente,App. 4 pièc,Appartement mourouj 3 2 étage,170000.0,2024-04-12,Bas,4922000.0,273444.44444444444,Appartement,4.0,3.0,150
Hammamet,Vente,Maisons,Av villa s5 avec piscine,65000.0,2024-04-12,Bas,54225000.0,1869827.5862068965,Maison,1.0,1.0,50
Ain Zaghouan,Vente,App. 4 pièc,Appartement s4 à ain zag,700000.0,2024-04-12,Moyen-Haut,4036000.0,504500.0,Appartement,4.0,3.0,300
Jardins de Cart,Vente,App. 3 pièc,Ve1553 villa aux jardins de c,1500000.0,2024-04-12,Haut,3786620.0,757324.0,Appartement,3.0,2.0,300
Ben Arous,Vente,Maisons,Villa  à cité taamir,420000.0,2024-04-12,Moyen-Haut,770000.0,256666.66666666666,Maison,3.0,2.0,150
Chotrana 1,Vente,App. 2 pièc,Apprt s1à chotrana 1,165000.0,2024-04-12,Bas,165000.0,165000.0,Appartement,2.0,2.0,150
La Soukra,Vente,Maisons,Immeuble malaisie à,850000.0,2024-04-12,Moyen-Haut,16052000.0,697913.0434782609,Villa,5.0,4.0,300
Hammamet,Vente,Maisons,V486 villa hanin 22 el b,850000.0,2024-04-12,Moyen-Haut,54225000.0,1869827.5862068965,Villa,5.0,4.0,300
Jardins de Cart,Vente,App. 3 pièc,Un appartement s3 vide m,890000.0,2024-04-12,Haut,3786620.0,757324.0,Appartement,3.0,2.0,300
El Aouina,Vente,App. 3 pièc,Appartement splus 2 à  la,210000.0,2024-04-12,Bas,14043620.0,438863.125,Appartement,3.0,2.0,150
Kheireddine,Vente,Maisons,Réf 69v une maison sur 2 nive,1500000.0,2024-04-12,Haut,1500000.0,1500000.0,Villa,5.0,4.0,300
Cite Ennasr 2,Vente,Maisons,Villa avec piscine a,13000000.0,2024-04-12,Haut,18235000.0,2605000.0,Villa,5.0,4.0,300
El Aouina,Vente,App. 1 pièc,Appartement s0 a laouina dire,130000.0,2024-04-12,Bas,14043620.0,438863.125,Appartement,1.0,1.0,150
El Mourouj 2,Vente,App. 4 pièc,Appartement mourouj 2,110000.0,2024-04-12,Bas,110000.0,110000.0,Appartement,4.0,3.0,150
Kalaa Essghira,Vente,Maisons,Maison sur terrain kalaa sghi,150000.0,2024-04-12,Bas,783450.0,261150.0,Maison,3.0,2.0,150
El Manar 1,Vente,App. 3 pièc,Manar 1 s3 de 90m2 proch,234000.0,2024-04-12,Moyen-Bas,1229000.0,409666.6666666667,Appartement,3.0,2.0,150
Cite Bhar Lazre,Vente,App. 2 pièc,Appartement s1 à bha,90000.0,2024-04-12,Bas,1350000.0,225000.0,Appartement,2.0,2.0,50
La Soukra,Vente,Maisons,Villa style triplex la s,1280000.0,2024-04-12,Haut,16052000.0,697913.0434782609,Villa,5.0,4.0,300
Hammamet,Vente,Maisons,Dar lotus hammamet c,1200000.0,2024-04-12,Haut,54225000.0,1869827.5862068965,Villa,5.0,4.0,300
Ain Zaghouan,Vente,App. 5 pièc,S plus 4 ain zaghouen no,620000.0,2024-04-12,Moyen-Haut,4036000.0,504500.0,Appartement,5.0,3.0,300
El Aouina,Vente,App. 3 pièc,Appartement s 2  à   chot,460000.0,2024-04-12,Moyen-Haut,14043620.0,438863.125,Appartement,3.0,2.0,150
El Mourouj,Vente,App. 2 pièc,Bel appartement mrj 5,90000.0,2024-04-12,Bas,4922000.0,273444.44444444444,Appartement,2.0,2.0,50
Hammamet,Vente,App. 2 pièc,Immeuble e 4 étages pas,280000.0,2024-04-12,Moyen-Bas,54225000.0,1869827.5862068965,Appartement,2.0,2.0,150
Ain Zaghouan,Vente,App. 3 pièc,Appartement s2 à ain,486000.0,2024-04-12,Moyen-Haut,4036000.0,504500.0,Appartement,3.0,2.0,150
Hammamet,Vente,Maisons,Villa milos 2,860000.0,2024-04-12,Haut,54225000.0,1869827.5862068965,Villa,5.0,4.0,300
El Aouina,Vente,App. 3 pièc,Apprt s2 avec parkin,325000.0,2024-04-12,Moyen-Bas,14043620.0,438863.125,Appartement,3.0,2.0,150
El Menzah 9,Vente,Maisons,Villa 1090 md a menzah 9,1090000.0,2024-04-12,Haut,6768000.0,846000.0,Villa,5.0,4.0,300
La Soukra,Vente,App. 2 pièc,Appartement s1   à l,165000.0,2024-04-12,Bas,16052000.0,697913.0434782609,Appartement,2.0,2.0,150
Cite Sahloul,Vente,App. 3 pièc,Appartement s2 bien,260000.0,2024-04-12,Moyen-Bas,260000.0,260000.0,Appartement,3.0,2.0,150
Cite Ennasr 2,Vente,App. 4 pièc,S3 avec jardin à ennasr,475000.0,2024-04-12,Moyen-Haut,18235000.0,2605000.0,Appartement,4.0,3.0,150
Gammart,Vente,Maisons,Villa à gammarth,2200000.0,2024-04-12,Haut,7130000.0,1188333.3333333333,Villa,5.0,4.0,300
El Menzah 5,Vente,Maisons,Villa a usage commercial,1350000.0,2024-04-12,Haut,6950000.0,1158333.3333333333,Villa,5.0,4.0,300
El Aouina,Vente,App. 3 pièc,Apprt s3 à  l'aouina,320000.0,2024-04-12,Moyen-Bas,14043620.0,438863.125,Appartement,3.0,2.0,150
Cite El Ghazala,Vente,App. 4 pièc,S3 335 md ghazela,335000.0,2024-04-12,Moyen-Bas,1030000.0,343333.3333333333,Appartement,4.0,3.0,150
Cite Bhar Lazre,Vente,App. 2 pièc,Appartement splus 2 à bha,350000.0,2024-04-12,Moyen-Bas,1350000.0,225000.0,Appartement,2.0,2.0,150
Denden,Vente,App. 2 pièc,Appartement salon plus deux p,180000.0,2024-04-12,Bas,6860000.0,1372000.0,Appartement,2.0,2.0,150
El Menzah 5,Vente,Maisons,Villa de charme au menza,1400000.0,2024-04-12,Haut,6950000.0,1158333.3333333333,Villa,5.0,4.0,300
El Aouina,Vente,App. 3 pièc,S3 imran à l'aouina,290000.0,2024-04-12,Moyen-Bas,14043620.0,438863.125,Appartement,3.0,2.0,150
Kelibia,Vente,App. 2 pièc,Villa el mansourah kelib,285000.0,2024-04-12,Moyen-Bas,2472000.0,353142.85714285716,Appartement,2.0,2.0,150
Chatt Meriem,Vente,App. 3 pièc,S2 avec une vue mer,550000.0,2024-04-12,Moyen-Haut,2340000.0,334285.71428571426,Appartement,3.0,2.0,300
Ariana,Vente,Maisons,Réf 77v villa de 3 niveaux au,750000.0,2024-04-12,Moyen-Haut,1603000.0,400750.0,Villa,4.0,3.0,300
El Aouina,Vente,App. 2 pièc,Réf 92v agréable appartement,192000.0,2024-04-12,Bas,14043620.0,438863.125,Appartement,2.0,2.0,150
El Manar 1,Vente,Maisons,Une merveilleuse villa d,750000.0,2024-04-12,Moyen-Haut,1229000.0,409666.6666666667,Villa,4.0,3.0,300
Marsa Safsaf,Vente,Maisons,Une villa a démolir à ma,2800000.0,2024-04-12,Haut,6700000.0,2233333.3333333335,Villa,5.0,4.0,300
El Manar 1,Vente,App. 4 pièc,S plus 3 a el manar,245000.0,2024-04-12,Moyen-Bas,1229000.0,409666.6666666667,Appartement,4.0,3.0,150
Ennagr,Vente,Maisons,Maison kalaa sghira enna,350000.0,2024-04-12,Moyen-Bas,350000.0,350000.0,Maison,3.0,2.0,150
Ghar El Melh,Vente,App. 2 pièc,4 appartments,150000.0,2024-04-12,Bas,150000.0,150000.0,Appartement,2.0,2.0,150
Cite El Moez,Vente,Maisons,Villa bratislava à c,1810000.0,2024-04-12,Haut,1810000.0,1810000.0,Villa,5.0,4.0,300
El Menzah 9,Vente,Maisons,Villa jumlee a menzah 9c,1200000.0,2024-04-12,Haut,6768000.0,846000.0,Villa,5.0,4.0,300
Kelibia,Vente,App. 2 pièc,Agréable et luxueux appa,175000.0,2024-04-12,Bas,2472000.0,353142.85714285716,Appartement,2.0,2.0,150
La Soukra,Vente,Maisons,Villa style triplex la s,1400000.0,2024-04-12,Haut,16052000.0,697913.0434782609,Villa,5.0,4.0,300
Gammart,Vente,Maisons,Immeuble hamna à gam,550000.0,2024-04-12,Moyen-Haut,7130000.0,1188333.3333333333,Villa,4.0,3.0,300
Bizerte,Vente,App. 1 pièc,Terrain terrain,370000.0,2024-04-12,Moyen-Bas,630000.0,315000.0,Appartement,1.0,1.0,150
Chatt Meriem,Vente,App. 3 pièc,Offre appartement s2 pro,320000.0,2024-04-12,Moyen-Bas,2340000.0,334285.71428571426,Appartement,3.0,2.0,150
Cite Ain Mariem,Vente,App. 2 pièc,Appartement ain mariem b,270000.0,2024-04-12,Moyen-Bas,270000.0,270000.0,Appartement,2.0,2.0,150
Ezzahra,Vente,Maisons,Villa avec piscine à ezz,480000.0,2024-04-12,Moyen-Haut,1155000.0,385000.0,Maison,3.0,2.0,150
Hammamet,Vente,Maisons,Villa  apollo,1050000.0,2024-04-12,Haut,54225000.0,1869827.5862068965,Villa,5.0,4.0,300
Sidi Bou Ali,Vente,Maisons,Maison a salmoun,75000.0,2024-04-12,Bas,75000.0,75000.0,Maison,1.0,1.0,50
El Kantaoui,Vente,Maisons,Villa à rénover à ka,2200000.0,2024-04-12,Haut,10400000.0,5200000.0,Villa,5.0,4.0,300
Cite Bhar Lazre,Vente,App. 2 pièc,Appartement s2 à bha,100000.0,2024-04-12,Bas,1350000.0,225000.0,Appartement,2.0,2.0,150
El Aouina,Vente,Maisons,Grande villa sur rue pri,3700000.0,2024-04-12,Haut,14043620.0,438863.125,Villa,5.0,4.0,300
Le Bardo,Vente,Maisons,Villa jumlee 730 md  le,730000.0,2024-04-12,Moyen-Haut,6890000.0,1378000.0,Villa,4.0,3.0,300
Nouvelle Medina,Vente,Maisons,Charmante villa de p,720000.0,2024-04-12,Moyen-Haut,1088000.0,272000.0,Villa,4.0,3.0,300
Beni Khiar,Vente,Maisons,V473 villa rahil beni kh,630000.0,2024-04-12,Moyen-Haut,630000.0,630000.0,Villa,4.0,3.0,300
El Manar 2,Vente,App. 4 pièc,S3 420 md manar 2,420000.0,2024-04-12,Moyen-Haut,4720000.0,1573333.3333333333,Appartement,4.0,3.0,150
Hammam Sousse,Vente,App. 4 pièc,Standing s 3 à la ru,345000.0,2024-04-12,Moyen-Bas,1155000.0,231000.0,Appartement,4.0,3.0,150
Jardins de Cart,Vente,App. 2 pièc,S2 luxe au jardin de car,480000.0,2024-04-12,Moyen-Haut,3786620.0,757324.0,Appartement,2.0,2.0,150
El Mourouj,Vente,App. 3 pièc,Appartement s2 spacieux,150000.0,2024-04-12,Bas,4922000.0,273444.44444444444,Appartement,3.0,2.0,150
Borj Cedria,Vente,App. 5 pièc,Appatrtement  5 pieces,230000.0,2024-04-12,Bas,1525000.0,381250.0,Appartement,5.0,3.0,150
Gammart,Vente,Maisons,Maison cité rabii s2,180000.0,2024-04-12,Bas,7130000.0,1188333.3333333333,Maison,3.0,2.0,150
Dar Chaabane Pl,Vente,Maisons,Villa lido,680000.0,2024-04-12,Moyen-Haut,680000.0,680000.0,Villa,4.0,3.0,300
Ezzahra,Vente,App. 3 pièc,Appartement s3 hst ezzah,330000.0,2024-04-12,Moyen-Bas,1155000.0,385000.0,Appartement,3.0,2.0,150
Cite De La Plag,Vente,Maisons,Villa r plus 2 cité,1170000.0,2024-04-12,Haut,1170000.0,1170000.0,Villa,5.0,4.0,300
El Aouina,Vente,App. 2 pièc,S2 neuf direct promoteur,327000.0,2024-04-12,Moyen-Bas,14043620.0,438863.125,Appartement,2.0,2.0,150
El Aouina,Vente,App. 3 pièc,Appartement s2 avec place,270000.0,2024-04-12,Moyen-Bas,14043620.0,438863.125,Appartement,3.0,2.0,150
Borj Touil,Vente,Maisons,Maisons borj touil,550000.0,2024-04-12,Moyen-Haut,1230000.0,410000.0,Villa,4.0,3.0,300
Kelibia,Vente,Maisons,Merveilleuse villa,380000.0,2024-04-12,Moyen-Bas,2472000.0,353142.85714285716,Maison,3.0,2.0,150
Cite Ennasr 1,Vente,App. 2 pièc,S1 de haut standing a en,180000.0,2024-04-12,Bas,2385000.0,397500.0,Appartement,2.0,2.0,150
El Menzah 9,Vente,App. 4 pièc,S3 direct promoteur de h,580000.0,2024-04-12,Moyen-Haut,6768000.0,846000.0,Appartement,4.0,3.0,300
Zaghouan,Vente,Maisons,Villa   tangalle,580000.0,2024-04-12,Moyen-Haut,950000.0,475000.0,Villa,4.0,3.0,300
Nouvelle Medina,Vente,App. 1 pièc,Av s1 à médina jadida,80000.0,2024-04-12,Bas,1088000.0,272000.0,Appartement,1.0,1.0,50
La Soukra,Vente,App. 2 pièc,S plus 1 rue de parc tel,340000.0,2024-04-12,Moyen-Bas,16052000.0,697913.0434782609,Appartement,2.0,2.0,150
Midoun,Vente,Maisons,Un bien exceptionnel,1100000.0,2024-04-12,Haut,1100000.0,1100000.0,Villa,5.0,4.0,300
Ben Arous,Vente,App. 2 pièc,S2 près showroom mazda,180000.0,2024-04-12,Bas,770000.0,256666.66666666666,Appartement,2.0,2.0,150
El Menzah 6,Vente,Maisons,Villa de charme au menza,2500000.0,2024-04-12,Haut,3650000.0,1216666.6666666667,Villa,5.0,4.0,300
Ezzahra,Vente,Maisons,Villa mongi slim,345000.0,2024-04-12,Moyen-Bas,1155000.0,385000.0,Maison,3.0,2.0,150
Hammamet,Vente,Maisons,V477 villa le palais nor,1250000.0,2024-04-12,Haut,54225000.0,1869827.5862068965,Villa,5.0,4.0,300
Cite Ain Meriem,Vente,Maisons,Une villa ain mariem,320000.0,2024-04-12,Moyen-Bas,320000.0,320000.0,Maison,3.0,2.0,150
La Soukra,Vente,App. 3 pièc,S2 à la soukra,395000.0,2024-04-12,Moyen-Bas,16052000.0,697913.0434782609,Appartement,3.0,2.0,150
Hammamet,Vente,Maisons,Villa romance,980000.0,2024-04-12,Haut,54225000.0,1869827.5862068965,Villa,5.0,4.0,300
La Soukra,Vente,App. 5 pièc,Maison la soukra tel 582,450000.0,2024-04-12,Moyen-Haut,16052000.0,697913.0434782609,Appartement,5.0,3.0,150
Bou Mhel,Vente,App. 1 pièc,Appartement s1 à boumhel bass,155000.0,2024-04-12,Bas,403000.0,201500.0,Appartement,1.0,1.0,150
Nouvelle Medina,Vente,App. 2 pièc,Appartement s2 près show,180000.0,2024-04-12,Bas,1088000.0,272000.0,Appartement,2.0,2.0,150
Ben Arous,Vente,App. 2 pièc,Appart s2  ben arous,170000.0,2024-04-12,Bas,770000.0,256666.66666666666,Appartement,2.0,2.0,150
El Aouina,Vente,App. 3 pièc,Apprt s2 à  ain zagh,240000.0,2024-04-12,Moyen-Bas,14043620.0,438863.125,Appartement,3.0,2.0,150
Soliman,Vente,Maisons,Villa de haute standing,140000.0,2024-04-12,Bas,140000.0,140000.0,Maison,3.0,2.0,150
El Aouina,Vente,App. 2 pièc,Bon investissement s plu,185000.0,2024-04-12,Bas,14043620.0,438863.125,Appartement,2.0,2.0,150
Rades,Vente,Maisons,Maison rades,200000.0,2024-04-12,Bas,480000.0,240000.0,Maison,3.0,2.0,150
El Menzah 5,Vente,Maisons,Villa spacieuse sur,1500000.0,2024-04-12,Haut,6950000.0,1158333.3333333333,Villa,5.0,4.0,300
Gammart,Vente,App. 3 pièc,Appartement de type s3,500000.0,2024-04-12,Moyen-Haut,7130000.0,1188333.3333333333,Appartement,3.0,2.0,150
Hammamet,Vente,Maisons,Villa lella baya,1380000.0,2024-04-12,Haut,54225000.0,1869827.5862068965,Villa,5.0,4.0,300
El Menzah 7,Vente,App. 3 pièc,S2 menzah 7 245 md,245000.0,2024-04-12,Moyen-Bas,457000.0,228500.0,Appartement,3.0,2.0,150
Cite Ennasr 2,Vente,App. 3 pièc,Appartement  maria  s3,400000.0,2024-04-12,Moyen-Haut,18235000.0,2605000.0,Appartement,3.0,2.0,150
Rades,Vente,App. 2 pièc,Appartement s2 hst à rad,280000.0,2024-04-12,Moyen-Bas,480000.0,240000.0,Appartement,2.0,2.0,150
Bab Bhar,Vente,App. 5 pièc,Une bonne occasion a,240000.0,2024-04-12,Moyen-Bas,490000.0,245000.0,Appartement,5.0,3.0,150
El Aouina,Vente,App. 2 pièc,Apprt s1 à citee wahat,260000.0,2024-04-12,Moyen-Bas,14043620.0,438863.125,Appartement,2.0,2.0,150
El Aouina,Vente,App. 3 pièc,Appt s s plus 2 à réside,285000.0,2024-04-12,Moyen-Bas,14043620.0,438863.125,Appartement,3.0,2.0,150
El Mourouj,Vente,App. 3 pièc,Appartement mourouj 6 s2,230000.0,2024-04-12,Bas,4922000.0,273444.44444444444,Appartement,3.0,2.0,150
Cite Ennour Jaa,Vente,App. 3 pièc,S2 rdc nour jaafer,127000.0,2024-04-12,Bas,277000.0,138500.0,Appartement,3.0,2.0,150
Cite Jardins,Vente,App. 5 pièc,Appartement s plus 4,385000.0,2024-04-12,Moyen-Bas,764000.0,382000.0,Appartement,5.0,3.0,150
Ariana,Vente,App. 1 pièc,Terain a arriana,561000.0,2024-04-12,Moyen-Haut,1603000.0,400750.0,Appartement,1.0,1.0,300
Jardins d'el Me,Vente,App. 4 pièc,Un magnifique s3 à jardi,420000.0,2024-04-12,Moyen-Haut,600000.0,300000.0,Appartement,4.0,3.0,150
Ain Zaghouan,Vente,App. 5 pièc,Appt s4 de 202m2 ain zag,620000.0,2024-04-12,Moyen-Haut,4036000.0,504500.0,Appartement,5.0,3.0,300
El Mourouj,Vente,App. 3 pièc,Offre appartement s2 à e,95000.0,2024-04-12,Bas,4922000.0,273444.44444444444,Appartement,3.0,2.0,50
Gammart,Vente,App. 3 pièc,Villa s3 à gammarth zvv0,1100000.0,2024-04-12,Haut,7130000.0,1188333.3333333333,Appartement,3.0,2.0,300
El Menzah 9,Vente,App. 4 pièc,S3 menzah 9 638 md,638000.0,2024-04-12,Moyen-Haut,6768000.0,846000.0,Appartement,4.0,3.0,300
El Mourouj,Vente,App. 3 pièc,App haut standing,180000.0,2024-04-12,Bas,4922000.0,273444.44444444444,Appartement,3.0,2.0,150
Hammam Sousse,Vente,Maisons,Maison pour famille,160000.0,2024-04-12,Bas,1155000.0,231000.0,Maison,3.0,2.0,150
El Kantaoui,Vente,Maisons,Maison à la rentre dakou,8200000.0,2024-04-12,Haut,10400000.0,5200000.0,Villa,5.0,4.0,300
Mutuelle Ville,Vente,Maisons,Villa à rénover au mutue,2000000.0,2024-04-12,Haut,3950000.0,1975000.0,Villa,5.0,4.0,300
Berge Du Lac,Vente,App. 3 pièc,Appartement  emeraude  s,100000.0,2024-04-12,Bas,1950000.0,975000.0,Appartement,3.0,2.0,150
Sfax El Jadida,Vente,App. 3 pièc,Appart s2 a nassriya,185000.0,2024-04-12,Bas,185000.0,185000.0,Appartement,3.0,2.0,150
El Aouina,Vente,App. 3 pièc,Appt s plus 2 à el aouin,220000.0,2024-04-12,Bas,14043620.0,438863.125,Appartement,3.0,2.0,150
El Aouina,Vente,App. 1 pièc,S1 neuf direct promoteur,169000.0,2024-04-12,Bas,14043620.0,438863.125,Appartement,1.0,1.0,150
Carthage,Vente,Maisons,Une villa à quelques mèt,3100000.0,2024-04-12,Haut,11600000.0,5800000.0,Villa,5.0,4.0,300
La Goulette Por,Vente,App. 4 pièc,Appartement s3 avec une,680000.0,2024-04-12,Moyen-Haut,680000.0,680000.0,Appartement,4.0,3.0,300
Naassen,Vente,Maisons,Maison naassen,240000.0,2024-04-12,Moyen-Bas,1160000.0,580000.0,Maison,3.0,2.0,150
El Hessiene,Vente,Maisons,Villa haut standing,1150000.0,2024-04-12,Haut,1150000.0,1150000.0,Villa,5.0,4.0,300
Mutuelle Ville,Vente,Maisons,Villa sur artère princip,1950000.0,2024-04-12,Haut,3950000.0,1975000.0,Villa,5.0,4.0,300
Dar Allouche,Vente,Maisons,Charmante villa avec pis,550000.0,2024-04-12,Moyen-Haut,550000.0,550000.0,Villa,4.0,3.0,300
Hammamet,Vente,App. 4 pièc,Appartement hela à yasmi,460000.0,2024-04-12,Moyen-Haut,54225000.0,1869827.5862068965,Appartement,4.0,3.0,150
El Mourouj,Vente,Maisons,Villa mourouj 6,750000.0,2024-04-12,Moyen-Haut,4922000.0,273444.44444444444,Villa,4.0,3.0,300
Hammamet,Vente,Maisons,Villa   salvador,990000.0,2024-04-12,Haut,54225000.0,1869827.5862068965,Villa,5.0,4.0,300
La Soukra,Vente,Maisons,Villa haut standing à la souk,1450000.0,2024-04-12,Haut,16052000.0,697913.0434782609,Villa,5.0,4.0,300
La Soukra,Vente,Maisons,Villa neuve la soukra st,1480000.0,2024-04-12,Haut,16052000.0,697913.0434782609,Villa,5.0,4.0,300
Cite Ennkhilet,Vente,Maisons,appartement s3   cit r,295000.0,2024-04-12,Moyen-Bas,505000.0,252500.0,Maison,3.0,2.0,150
Cite El Khalil,Vente,Maisons,Maison usage commercial,540000.0,2024-04-12,Moyen-Haut,540000.0,540000.0,Villa,4.0,3.0,300
Bou Mhel,Vente,Maisons,Maisons s2 boumhal bassa,248000.0,2024-04-12,Moyen-Bas,403000.0,201500.0,Maison,3.0,2.0,150
El Manar 2,Vente,Maisons,Magnifique villa au calm,2500000.0,2024-04-12,Haut,4720000.0,1573333.3333333333,Villa,5.0,4.0,300
Akouda,Vente,App. 5 pièc,Petit immeuble r plu,1550000.0,2024-04-12,Haut,1550000.0,1550000.0,Appartement,5.0,3.0,300
El Manar 2,Vente,Maisons,Villa 2s7 à el manar 3,1800000.0,2024-04-12,Haut,4720000.0,1573333.3333333333,Villa,5.0,4.0,300
Hammamet,Vente,Maisons,V479 villa hanin 2 sud v,850000.0,2024-04-12,Moyen-Haut,54225000.0,1869827.5862068965,Villa,5.0,4.0,300
Hammamet,Vente,Maisons,Villa a hammamet sud,15000000.0,2024-04-12,Haut,54225000.0,1869827.5862068965,Villa,5.0,4.0,300
El Menzah 9,Vente,Maisons,Villa  de 644 m a menzah,1680000.0,2024-04-12,Haut,6768000.0,846000.0,Villa,5.0,4.0,300
Hammamet,Vente,Maisons,Av villa de charme s4 av,980000.0,2024-04-12,Haut,54225000.0,1869827.5862068965,Villa,5.0,4.0,300
La Soukra,Vente,Maisons,Villa la soukra sidi fre,990000.0,2024-04-12,Haut,16052000.0,697913.0434782609,Villa,5.0,4.0,300
El Aouina,Vente,App. 2 pièc,Des appartement s2 s3 direct,305000.0,2024-04-12,Moyen-Bas,14043620.0,438863.125,Appartement,2.0,2.0,150
Le Bardo,Vente,Maisons,Réf 93v résidence appart hôte,4500000.0,2024-04-12,Haut,6890000.0,1378000.0,Villa,5.0,4.0,300
Hammamet,Vente,Maisons,Villa  jimbaran,950000.0,2024-04-12,Haut,54225000.0,1869827.5862068965,Villa,5.0,4.0,300
Hammamet,Vente,App. 3 pièc,Appartement philipe à ha,360000.0,2024-04-12,Moyen-Bas,54225000.0,1869827.5862068965,Appartement,3.0,2.0,150
Borj Louzir,Vente,App. 2 pièc,Appartement s2 de 75m2,145000.0,2024-04-12,Bas,1545000.0,772500.0,Appartement,2.0,2.0,150
El Aouina,Vente,App. 4 pièc,Appartement s3 au rd,270000.0,2024-04-12,Moyen-Bas,14043620.0,438863.125,Appartement,4.0,3.0,150
El Menzah 9,Vente,Maisons,Villa jumlee à menzah 9,730000.0,2024-04-12,Moyen-Haut,6768000.0,846000.0,Villa,4.0,3.0,300
Hammam Lif,Vente,Maisons,Petit immeuble hammam li,360000.0,2024-04-12,Moyen-Bas,1359000.0,679500.0,Maison,3.0,2.0,150
Cite El Ghazala,Vente,App. 3 pièc,Des s2 direct promoteur,420000.0,2024-04-12,Moyen-Haut,1030000.0,343333.3333333333,Appartement,3.0,2.0,150
Borj Louzir,Vente,Maisons,Deux villa jumele de 642,1400000.0,2024-04-12,Haut,1545000.0,772500.0,Villa,5.0,4.0,300
Riadh Landlous,Vente,Maisons,Villa de maitre à riadh,1650000.0,2024-04-12,Haut,1650000.0,1650000.0,Villa,5.0,4.0,300
Sidi Salah,Vente,App. 1 pièc,Apprt s0 à chotrana 1   s,120000.0,2024-04-12,Bas,120000.0,120000.0,Appartement,1.0,1.0,150
El Aouina,Vente,App. 3 pièc,Apprt splus  23 à ai,287000.0,2024-04-12,Moyen-Bas,14043620.0,438863.125,Appartement,3.0,2.0,150
Jendouba,Vente,Maisons,Cite el fayez jendouba,650000.0,2024-04-12,Moyen-Haut,650000.0,650000.0,Villa,4.0,3.0,300
El Menzah 6,Vente,App. 3 pièc,Duplex a la menzah 6,550000.0,2024-04-12,Moyen-Haut,3650000.0,1216666.6666666667,Appartement,3.0,2.0,300
El Aouina,Vente,App. 3 pièc,Apprt s2 à  cité el   wah,263610.0,2024-04-12,Moyen-Bas,14043620.0,438863.125,Appartement,3.0,2.0,150
Le Bardo,Vente,Maisons,Réf 78v une ancienne maison a,560000.0,2024-04-12,Moyen-Haut,6890000.0,1378000.0,Villa,4.0,3.0,300
El Mourouj,Vente,Maisons,Villa à el mourouj 2,400000.0,2024-04-12,Moyen-Haut,4922000.0,273444.44444444444,Maison,3.0,2.0,150
El Aouina,Vente,App. 1 pièc,S1 direct promoteur a la nouv,1850000.0,2024-04-12,Haut,14043620.0,438863.125,Appartement,1.0,1.0,300
El Menzah 7,Vente,App. 3 pièc,S2 212 md menzah 7,212000.0,2024-04-12,Bas,457000.0,228500.0,Appartement,3.0,2.0,150
Cite Bhar Lazre,Vente,App. 3 pièc,Apprt encours de construc,340000.0,2024-04-12,Moyen-Bas,1350000.0,225000.0,Appartement,3.0,2.0,150
Cite Hotel Des,Vente,Maisons,Villa  en cours de constructi,360000.0,2024-04-12,Moyen-Bas,360000.0,360000.0,Maison,3.0,2.0,150
Salambo,Vente,App. 4 pièc,Réf 76v appartement s2 retapé,380000.0,2024-04-12,Moyen-Bas,380000.0,380000.0,Appartement,4.0,3.0,150
Ariana,Vente,App. 2 pièc,Appartement s1 neuf,202000.0,2024-04-12,Bas,1603000.0,400750.0,Appartement,2.0,2.0,150
Hammamet,Vente,Maisons,Dar la palmeraie,1550000.0,2024-04-12,Haut,54225000.0,1869827.5862068965,Villa,5.0,4.0,300
Jabbes,Vente,Maisons,Maison avec terrain,625000.0,2024-04-12,Moyen-Haut,740000.0,370000.0,Villa,4.0,3.0,300
La Soukra,Vente,Maisons,Villa neuve style duplex,970000.0,2024-04-12,Haut,16052000.0,697913.0434782609,Villa,5.0,4.0,300
Hammamet,Vente,Maisons,Villa rania hammamet,1500000.0,2024-04-12,Haut,54225000.0,1869827.5862068965,Villa,5.0,4.0,300
El Aouina,Vente,App. 2 pièc,Appartement  s1 enco,178000.0,2024-04-12,Bas,14043620.0,438863.125,Appartement,2.0,2.0,150
Le Kef,Vente,Maisons,Villa haleema à teje,200000.0,2024-04-12,Bas,200000.0,200000.0,Maison,3.0,2.0,150
Ain Zaghouan,Vente,App. 1 pièc,Du proprietaire directem,160000.0,2024-04-12,Bas,4036000.0,504500.0,Appartement,1.0,1.0,150
Chatt Meriem,Vente,App. 4 pièc,Villa  a chott marie,540000.0,2024-04-12,Moyen-Haut,2340000.0,334285.71428571426,Appartement,4.0,3.0,300
El Aouina,Vente,App. 1 pièc,Un appartement s1 direct prom,167000.0,2024-04-12,Bas,14043620.0,438863.125,Appartement,1.0,1.0,150
La Soukra,Vente,App. 4 pièc,Etage solène à la so,450000.0,2024-04-12,Moyen-Haut,16052000.0,697913.0434782609,Appartement,4.0,3.0,150
El Aouina,Vente,App. 4 pièc,Réf 30v appartement s3 vide,360000.0,2024-04-12,Moyen-Bas,14043620.0,438863.125,Appartement,4.0,3.0,150
Jardins d'el Me,Vente,App. 2 pièc,S1 180 md aux jardins de,180000.0,2024-04-12,Bas,600000.0,300000.0,Appartement,2.0,2.0,150
El Mourouj,Vente,Maisons,Maison dalila,260000.0,2024-04-12,Moyen-Bas,4922000.0,273444.44444444444,Maison,3.0,2.0,150
Bab Menara,Vente,App. 2 pièc,Un appartement a beb mna,120000.0,2024-04-12,Bas,195000.0,97500.0,Appartement,2.0,2.0,150
La Soukra,Vente,App. 2 pièc,Apprt s1 au rdc  à s,180000.0,2024-04-12,Bas,16052000.0,697913.0434782609,Appartement,2.0,2.0,150
Cite Ennasr 2,Vente,App. 4 pièc,S3 à ennasr 2,250000.0,2024-04-12,Moyen-Bas,18235000.0,2605000.0,Appartement,4.0,3.0,150
Zaouiet Sousse,Vente,App. 3 pièc,Maison r plus 2 cité,390000.0,2024-04-12,Moyen-Bas,390000.0,390000.0,Appartement,3.0,2.0,150
Hammamet,Vente,Maisons,Villa hannibal hamma,890000.0,2024-04-12,Haut,54225000.0,1869827.5862068965,Villa,5.0,4.0,300
La Soukra,Vente,App. 3 pièc,Un appartement s2 neuf à,405000.0,2024-04-12,Moyen-Haut,16052000.0,697913.0434782609,Appartement,3.0,2.0,150
Sidi Jedidi,Vente,Maisons,Villa domino,790000.0,2024-04-12,Moyen-Haut,790000.0,790000.0,Villa,4.0,3.0,300
Cite Ennasr 1,Vente,App. 5 pièc,S4 360 md a ennasr 1,360000.0,2024-04-12,Moyen-Bas,2385000.0,397500.0,Appartement,5.0,3.0,150
Hammamet,Vente,Maisons,V468 villa sandra 1 crax,990000.0,2024-04-12,Haut,54225000.0,1869827.5862068965,Villa,5.0,4.0,300
La Soukra,Vente,App. 2 pièc,Appartement s1au rdc,180000.0,2024-04-12,Bas,16052000.0,697913.0434782609,Appartement,2.0,2.0,150
El Menzah 9,Vente,App. 3 pièc,S2 380 md menzah 9c,380000.0,2024-04-12,Moyen-Bas,6768000.0,846000.0,Appartement,3.0,2.0,150
El Aouina,Vente,App. 4 pièc,S plus 4 a cite al wahat,365000.0,2024-04-12,Moyen-Bas,14043620.0,438863.125,Appartement,4.0,3.0,150
Le Bardo,Vente,Maisons,Maison à bardo,350000.0,2024-04-12,Moyen-Bas,6890000.0,1378000.0,Maison,3.0,2.0,150
Jardins de Cart,Vente,App. 2 pièc,S1 avec jardin aux j,410000.0,2024-04-12,Moyen-Haut,3786620.0,757324.0,Appartement,2.0,2.0,150
El Mourouj,Vente,App. 3 pièc,Appartement saif,140000.0,2024-04-12,Bas,4922000.0,273444.44444444444,Appartement,3.0,2.0,150
Bou Argoub,Vente,Maisons,Dar kamel bou argoub,300000.0,2024-04-12,Moyen-Bas,300000.0,300000.0,Maison,3.0,2.0,150
Cite Ennasr 1,Vente,App. 4 pièc,S3 465 md ennasr 1,465000.0,2024-04-12,Moyen-Haut,2385000.0,397500.0,Appartement,4.0,3.0,150
Marsa Safsaf,Vente,App. 3 pièc,Réf 89v bel appartement s 2 r,1500000.0,2024-04-12,Haut,6700000.0,2233333.3333333335,Appartement,3.0,2.0,300
Nouvelle Medina,Vente,App. 2 pièc,Av s2 médina jadida,108000.0,2024-04-12,Bas,1088000.0,272000.0,Appartement,2.0,2.0,150
Cite Ennkhilet,Vente,App. 3 pièc,S2 enkhilete 210 md,210000.0,2024-04-12,Bas,505000.0,252500.0,Appartement,3.0,2.0,150
Cite Bhar Lazre,Vente,App. 2 pièc,Appartement s2  avec,120000.0,2024-04-12,Bas,1350000.0,225000.0,Appartement,2.0,2.0,150
El Aouina,Vente,App. 3 pièc,S plus 2 neuf à l'aouina,285000.0,2024-04-12,Moyen-Bas,14043620.0,438863.125,Appartement,3.0,2.0,150
Hammam Sousse,Vente,App. 3 pièc,Appartement haut standing a n,180000.0,2024-04-12,Bas,1155000.0,231000.0,Appartement,3.0,2.0,150
Hammamet,Vente,Maisons,Villa nv à monchar v2582,1250000.0,2024-04-12,Haut,54225000.0,1869827.5862068965,Villa,5.0,4.0,300
Borj Touil,Vente,Maisons,Maisons borj touil,350000.0,2024-04-12,Moyen-Bas,1230000.0,410000.0,Maison,3.0,2.0,150
El Aouina,Vente,App. 2 pièc,Appartement s2 à cit,248400.0,2024-04-12,Moyen-Bas,14043620.0,438863.125,Appartement,2.0,2.0,150
Zone urbaine no,Vente,App. 3 pièc,Appartement moderne  sup,590000.0,2024-04-12,Moyen-Haut,980000.0,490000.0,Appartement,3.0,2.0,300
Kalaa Essghira,Vente,Maisons,Maison a centre ville kalaa s,75000.0,2024-04-12,Bas,783450.0,261150.0,Maison,1.0,1.0,50
Cite Gharnata,Vente,Maisons,Villa de coin au bord de,350000.0,2024-04-12,Moyen-Bas,350000.0,350000.0,Maison,3.0,2.0,150
Borj Touil,Vente,Maisons,Maisons borj touil,330000.0,2024-04-12,Moyen-Bas,1230000.0,410000.0,Maison,3.0,2.0,150
La Soukra,Vente,Maisons,Maison sur deux nive,440000.0,2024-04-12,Moyen-Haut,16052000.0,697913.0434782609,Maison,3.0,2.0,150
Hammamet,Vente,Maisons,V489 villa tej 2 sidi ha,780000.0,2024-04-12,Moyen-Haut,54225000.0,1869827.5862068965,Villa,4.0,3.0,300
El Mourouj,Vente,App. 3 pièc,Appartement nawres,107000.0,2024-04-12,Bas,4922000.0,273444.44444444444,Appartement,3.0,2.0,150
Cite El Ghazala,Vente,App. 3 pièc,S2 ghazela 275 md,275000.0,2024-04-12,Moyen-Bas,1030000.0,343333.3333333333,Appartement,3.0,2.0,150
Gammart,Vente,Maisons,Villa à la marsa,2600000.0,2024-04-12,Haut,7130000.0,1188333.3333333333,Villa,5.0,4.0,300
Cite Ibn Khaldo,Vente,Maisons,Duplex indépendant d'ang,430000.0,2024-04-12,Moyen-Haut,430000.0,430000.0,Maison,3.0,2.0,150
Cite Ennasr 2,Vente,Maisons,Villa a usage commercial,3000000.0,2024-04-12,Haut,18235000.0,2605000.0,Villa,5.0,4.0,300
Chatt Meriem,Vente,App. 4 pièc,S3 avec un prix inte,175000.0,2024-04-12,Bas,2340000.0,334285.71428571426,Appartement,4.0,3.0,150
La Soukra,Vente,App. 4 pièc,Appartement s3 de 155 m,365000.0,2024-04-12,Moyen-Bas,16052000.0,697913.0434782609,Appartement,4.0,3.0,150
Chouchet Rades,Vente,App. 3 pièc,Appartement chouchet rad,300000.0,2024-04-12,Moyen-Bas,300000.0,300000.0,Appartement,3.0,2.0,150
El Mourouj,Vente,App. 3 pièc,Appartement rdc mourouj,120000.0,2024-04-12,Bas,4922000.0,273444.44444444444,Appartement,3.0,2.0,150
La Soukra,Vente,App. 4 pièc,Un appartement s3 à la s,327000.0,2024-04-12,Moyen-Bas,16052000.0,697913.0434782609,Appartement,4.0,3.0,150
El Menzah 9,Vente,App. 3 pièc,S2 direct promoteur a me,470000.0,2024-04-12,Moyen-Haut,6768000.0,846000.0,Appartement,3.0,2.0,150
Jardins de Cart,Vente,App. 2 pièc,Jardin de carthage appar,506620.0,2024-04-12,Moyen-Haut,3786620.0,757324.0,Appartement,2.0,2.0,300
Zone Hoteliere,Vente,App. 4 pièc,Appartement  louana,650000.0,2024-04-12,Moyen-Haut,650000.0,650000.0,Appartement,4.0,3.0,300
El Mourouj,Vente,App. 4 pièc,App mourouj 1,180000.0,2024-04-12,Bas,4922000.0,273444.44444444444,Appartement,4.0,3.0,150
Hammam Lif,Vente,Maisons,Villa centre de hammam l,999000.0,2024-04-12,Haut,1359000.0,679500.0,Villa,5.0,4.0,300
Sfax,Vente,App. 3 pièc,Appart 60m2 avenue de algerie,60000.0,2024-04-12,Bas,60000.0,60000.0,Appartement,3.0,2.0,50
Kerkouane,Vente,Maisons,Villa aplage kerkouane,150000.0,2024-04-12,Bas,150000.0,150000.0,Maison,3.0,2.0,150
Le Bardo,Vente,Maisons,Maison henda bardo,750000.0,2024-04-12,Moyen-Haut,6890000.0,1378000.0,Villa,4.0,3.0,300
Hammamet,Vente,Maisons,Villa dream v122 zone su,1050000.0,2024-04-12,Haut,54225000.0,1869827.5862068965,Villa,5.0,4.0,300
Denden,Vente,App. 3 pièc,Haut standing,180000.0,2024-04-12,Bas,6860000.0,1372000.0,Appartement,3.0,2.0,150
Cite Ennasr 2,Vente,App. 4 pièc,S3 haut standing a ennas,410000.0,2024-04-12,Moyen-Haut,18235000.0,2605000.0,Appartement,4.0,3.0,150
El Aouina,Vente,App. 1 pièc,Joli appartement s1,183000.0,2024-04-12,Bas,14043620.0,438863.125,Appartement,1.0,1.0,150
Hammamet,Vente,Maisons,Villa haut standing,750000.0,2024-04-12,Moyen-Haut,54225000.0,1869827.5862068965,Villa,4.0,3.0,300
Hammam Sousse,Vente,App. 3 pièc,Coquette appartement meu,240000.0,2024-04-12,Moyen-Bas,1155000.0,231000.0,Appartement,3.0,2.0,150
El Menzah 5,Vente,Maisons,Ville  de 467m2 menzah 5,1600000.0,2024-04-12,Haut,6950000.0,1158333.3333333333,Villa,5.0,4.0,300
Cite El Mahrsi,Vente,Maisons,V482 villa royale sidi m,2300000.0,2024-04-12,Haut,2300000.0,2300000.0,Villa,5.0,4.0,300
Carthage,Vente,App. 5 pièc,Magnifique villa à carth,8500000.0,2024-04-12,Haut,11600000.0,5800000.0,Appartement,5.0,3.0,300
Cherifate,Vente,Maisons,Villa slimen,11000000.0,2024-04-12,Haut,11000000.0,11000000.0,Villa,5.0,4.0,300
Sahloul,Vente,App. 3 pièc,Des appartements s2 et s,220000.0,2024-04-12,Bas,220000.0,220000.0,Appartement,3.0,2.0,150
Hammam Sousse,Vente,Maisons,Maison avec étage,230000.0,2024-04-12,Bas,1155000.0,231000.0,Maison,3.0,2.0,150
Cite Ennasr 1,Vente,App. 4 pièc,S3 a ennasr 1 avec jardi,500000.0,2024-04-12,Moyen-Haut,2385000.0,397500.0,Appartement,4.0,3.0,150
Mornaguia,Vente,Maisons,Villa à mornaguia,650000.0,2024-04-12,Moyen-Haut,650000.0,650000.0,Villa,4.0,3.0,300
Monfleury,Vente,Maisons,Appartement jihen montfl,200000.0,2024-04-12,Bas,200000.0,200000.0,Maison,3.0,2.0,150
Ain Zaghouan,Vente,App. 3 pièc,Appartement s plus 2,710000.0,2024-04-12,Moyen-Haut,4036000.0,504500.0,Appartement,3.0,2.0,300
El Aouina,Vente,App. 2 pièc,Appartement s2 à   wahat,263610.0,2024-04-12,Moyen-Bas,14043620.0,438863.125,Appartement,2.0,2.0,150
Chatt Meriem,Vente,Maisons,Maisonnette inachevé,290000.0,2024-04-12,Moyen-Bas,2340000.0,334285.71428571426,Maison,3.0,2.0,150
Ain Zaghouan,Vente,App. 2 pièc,Appartement deux pièces a,240000.0,2024-04-12,Moyen-Bas,4036000.0,504500.0,Appartement,2.0,2.0,150
La Soukra,Vente,App. 3 pièc,Apprt s2 encours de,460000.0,2024-04-12,Moyen-Haut,16052000.0,697913.0434782609,Appartement,3.0,2.0,150
La Soukra,Vente,Maisons,Villa jumelée  avec pisc,1350000.0,2024-04-12,Haut,16052000.0,697913.0434782609,Villa,5.0,4.0,300
